countriesAndTerritories,continentExp,popData2019,cases,deaths,handwashingFacilitiesHome (%),relation_cases_pop (%)
Timor_Leste,Asia,1293120,31,0,28,0.00239730264785944
Moldova,Europe,4043258,126518,2572,87,3.1291102373383
Liberia,Africa,4937374,1676,83,1,0.033945170043833
Azerbaijan,Europe,10047719,175874,1922,89,1.75038732671565
Rwanda,Africa,12626938,6659,56,5,0.0527364591478948
Haiti,America,11263079,9565,234,22,0.0849234920575448
Bolivia,America,11513102,147150,9018,27,1.27810906217977
Dominican_Republic,America,10738957,154692,2361,47,1.44047508524338
Georgia,Europe,3996762,191063,1839,92,4.78044477004135
Jamaica,America,2948277,11710,273,67,0.397181133251726
Vanuatu,Oceania,299882,1,0,25,0.000333464496035107
Armenia,Europe,2957728,148682,2503,95,5.02689902519772
Bosnia_and_Herzegovina,Europe,3300998,101117,3336,97,3.06322512161474
Colombia,America,50339443,1425774,39053,68,2.83231977755495
Afghanistan,Asia,38041757,49273,1971,38,0.129523460233448
Yemen,Asia,29161922,2083,606,49,0.00714287624800588
Suriname,America,581363,5353,117,72,0.92076723148876
Serbia,Europe,6963764,266432,2331,98,3.82597687112889
Montenegro,Europe,622182,41426,582,99,6.65818040380467
Guatemala,America,17581476,129282,4423,77,0.735330753800193
Burundi,Africa,11530577,729,1,6,0.0063223202099947
Guyana,America,782775,5920,155,77,0.756283734150937
Laos,Asia,7169456,41,0,56,0.000571870445958522
Paraguay,America,7044639,93582,1953,80,1.3284144155577
Honduras,America,9746115,114359,2975,84,1.17338036745924
North_Macedonia,Europe,2077132,73638,2121,100,3.54517671481639
Lesotho,Africa,2125267,2250,44,6,0.105869050806322
Costa_Rica,America,5047561,150947,1895,86,2.99049382464125
Ecuador,America,17373657,214362,9958,87,1.2338334986123
Bangladesh,Asia,163046173,490533,7052,58,0.300855267544366
Albania,Europe,2862427,48530,1003,96,1.69541441580868
Ethiopia,Africa,112078727,116769,1806,8,0.104184802170353
Malawi,Africa,18628749,6066,187,8,0.0325625730423444
Nepal,Asia,28608715,248423,1698,62,0.868347285084283
Burkina_Faso,Africa,20321383,4030,71,9,0.01983132742491
Saint_Lucia,America,182795,275,4,87,0.150441751689051
Benin,Africa,11801151,3299,44,12,0.0279549003313321
Barbados,America,287021,292,7,88,0.101734716275116
Mozambique,Africa,30366043,16954,142,12,0.0558321016669837
Sudan,Africa,42813237,21386,1347,13,0.0499518408290408
Belize,America,390351,9295,195,90,2.38119026209745
India,Asia,1366417756,9884100,143355,68,0.723358574389017
Mexico,America,127575529,1250044,113953,90,0.979846221135403
Comoros,Africa,850891,628,7,16,0.0738049879479275
Mali,Africa,19658023,5814,194,17,0.0295757106398746
Trinidad_and_Tobago,America,1394969,6879,122,90,0.493129237997403
Togo,Africa,8082359,3251,66,17,0.0402234050727022
Andorra,Europe,76177,7338,79,96,9.63282880659517
El_Salvador,America,6453550,41880,1205,91,0.648945154217446
Cuba,America,11333484,9423,137,92,0.0831430123340713
Austria,Europe,8858775,320036,4400,96,3.61264396036698
Belarus,Europe,9452409,160295,1263,96,1.69581108900387
Gambia,Africa,2347696,3782,123,18,0.161094110992224
Belgium,Europe,11455519,608001,17951,96,5.30749414321603
Guinea_Bissau,Africa,1920917,2444,44,18,0.127230900658384
Anguilla,America,14872,10,0,84,0.0672404518558365
Antigua_and_Barbuda,America,97115,148,4,84,0.152396643155022
Argentina,America,44780675,1498160,40766,84,3.34555028480477
Zambia,Africa,17861034,18274,367,18,0.102312105782901
Aruba,America,106310,5049,46,84,4.74931803217007
Democratic_Republic_of_the_Congo,Africa,86790568,14512,355,19,0.0167207109417696
Guinea,Africa,12771246,13420,79,20,0.10507980192379
Bulgaria,Europe,7000039,179449,5688,96,2.56354286026121
Sierra_Leone,Africa,7813207,2440,75,21,0.0312291738846801
Central_African_Republic,Africa,4745179,4936,63,22,0.104021365685046
Bahamas,America,389486,7674,163,84,1.9702890476166
Croatia,Europe,4076246,175886,2640,96,4.31490150496315
Papua_New_Guinea,Oceania,8776119,725,8,30,0.00826105480110286
Cyprus,Europe,875899,15101,78,96,1.72405722577603
Czechia,Europe,10649800,580883,9613,96,5.45440289958497
Solomon_Islands,Oceania,669821,17,0,39,0.00253799149324969
Cote_dIvoire,Africa,25716554,21680,133,22,0.0843036745903047
Senegal,Africa,16296362,17075,349,22,0.104777986645117
Denmark,Europe,5806081,109758,941,96,1.89039732652714
Estonia,Europe,1324820,18055,149,96,1.36282664814843
Niger,Africa,23310719,2258,80,23,0.0096865309045165
Faroe_Islands,Europe,48677,528,0,96,1.08470119358218
Finland,Europe,5517919,30810,453,96,0.558362672594505
Bermuda,America,62508,431,9,84,0.68951174249696
"Bonaire, Saint Eustatius and Saba",America,25983,173,3,84,0.665819959204095
Marshall_Islands,Oceania,58791,4,0,85,0.0068037624806518
Brazil,America,211049519,6901952,181402,84,3.27029980106233
France,Europe,67012883,2377618,57804,96,3.54800135967885
Uganda,Africa,44269587,27648,221,23,0.0624537111674432
Equatorial_Guinea,Africa,1355982,5185,85,24,0.382379707105256
British_Virgin_Islands,America,30033,76,1,84,0.253054972863184
Canada,America,37411038,460743,13431,84,1.23156967737704
Germany,Europe,83019213,1337078,21975,96,1.61056453281483
Cayman_Islands,America,64948,298,2,84,0.458828601342612
Gibraltar,Europe,33706,1075,5,96,3.18934314365395
Greece,Europe,10724599,124534,3625,96,1.16119959356989
Tajikistan,Asia,9321023,12704,88,73,0.136294052702155
Cambodia,Asia,16486542,359,0,74,0.00217753365138669
Myanmar,Asia,54045422,108342,2268,75,0.200464712811383
Pakistan,Asia,216565317,440787,8832,80,0.203535361112324
Guernsey,Europe,64468,289,13,96,0.448284420177452
Holy_See,Europe,815,26,0,96,3.19018404907975
Philippines,Asia,108116622,449400,8733,82,0.415662265141802
Hungary,Europe,9772756,283870,7130,96,2.90470774058004
Chile,America,18952035,571919,15886,84,3.01771815005618
Syria,Asia,17070132,9166,518,83,0.0536961284189249
Iceland,Europe,356991,5557,28,96,1.55662187562151
Thailand,Asia,69625581,4237,60,85,0.00608540702877582
Mongolia,Asia,3225166,912,0,86,0.0282776142375307
Eswatini,Africa,1148133,6768,127,24,0.589478745058282
Ireland,Europe,4904240,75719,2129,96,1.5439497251358
Vietnam,Asia,96462108,1397,35,86,0.00144823706319999
Bhutan,Asia,763094,438,0,92,0.0573979090387292
Palestine,Asia,4981422,124657,1079,92,2.50243805885147
Isle_of_Man,Europe,84589,370,25,96,0.437409119389046
Indonesia,Asia,270625567,617820,18819,94,0.228293286125475
Chad,Africa,15946882,1770,102,25,0.0110993484494336
Somalia,Africa,15442906,4579,121,25,0.0296511550351987
Angola,Africa,31825299,16188,371,27,0.0508651937567028
Italy,Europe,60359546,1843283,64504,96,3.05383841024914
Jersey,Europe,107796,1785,32,96,1.65590559946566
Kosovo,Europe,1798506,46362,1210,96,2.57780624585072
Kenya,Africa,52573967,91892,1587,27,0.174786125612321
Madagascar,Africa,26969306,17638,258,27,0.0654002739262182
Maldives,Asia,530957,13368,48,96,2.51771800729626
Iraq,Asia,39309789,574634,12579,97,1.46180891482272
Nigeria,Africa,200963603,73175,1197,33,0.0364120661192564
Latvia,Europe,1919968,25675,349,96,1.33726187103118
Australia,Oceania,25203200,28031,908,34.5,0.11122000380904
Cameroon,Africa,25876387,25143,443,36,0.0971658060300304
Ghana,Africa,30417858,53014,327,42,0.174285776467232
Curaçao,America,163423,3624,11,84,2.21755811605466
Liechtenstein,Europe,38378,1514,18,96,3.94496847152014
Lithuania,Europe,2794184,95126,822,96,3.40442862746333
Oman,Asia,4974992,126240,1471,97,2.5374915175743
Luxembourg,Europe,613894,42657,396,96,6.94859373116532
Dominica,America,71808,87,0,84,0.121156417112299
Zimbabwe,Africa,14645473,11246,307,42,0.0767882334698238
South_Africa,Africa,58558267,860964,23276,44,1.47026892035586
Kazakhstan,Asia,18551428,186277,2552,99,1.0041113816144
Namibia,Africa,2494524,16536,160,45,0.662891998633808
Kyrgyzstan,Asia,6415851,77437,1755,100,1.2069638150886
Malta,Europe,493559,11101,166,96,2.24917385763404
Fiji,Oceania,889955,46,2,34.5,0.00516880066969678
French_Polynesia,Oceania,279285,15618,91,34.5,5.59213706428917
Falkland_Islands_(Malvinas),America,3372,19,0,84,0.563463819691578
Congo,Africa,5380504,6049,99,48,0.112424412285541
United_Republic_of_Tanzania,Africa,58005461,509,21,48,0.000877503585395175
Monaco,Europe,33085,668,2,96,2.01904186187094
Guam,Oceania,167295,7106,118,34.5,4.24758659852357
Netherlands,Europe,17282163,612746,10034,96,3.54553998825263
Bahrain,Asia,1641164,89143,348,82.5,5.43169360283311
Brunei_Darussalam,Asia,433296,152,3,82.5,0.0350799453491378
China,Asia,1433783692,91994,4739,82.5,0.00641617006200403
Greenland,America,56660,19,0,84,0.0335333568655136
New_Caledonia,Oceania,282757,36,0,34.5,0.0127317802919114
Grenada,America,112002,69,0,84,0.0616060427492366
Montserrat,America,4991,13,1,84,0.260468843919054
Iran,Asia,82913893,1108269,52196,82.5,1.33665054178556
Norway,Europe,5328212,40022,387,96,0.751133776208604
Poland,Europe,37972812,1135676,22864,96,2.99076086332505
Nicaragua,America,6545503,5887,162,84,0.0899396119748169
Israel,Asia,8519373,357859,2999,82.5,4.20053212836203
Portugal,Europe,10276617,348905,5543,96,3.39513479971084
Romania,Europe,19414458,556335,13385,96,2.86557059692318
Mauritania,Africa,4525698,10780,222,53,0.238195301586628
Panama,America,4246440,193007,3356,84,4.54514840666535
Peru,America,32510462,984973,36677,84,3.02971086661272
Puerto_Rico,America,2933404,107158,1272,84,3.65302563165524
Russia,Europe,145872260,2653928,46941,96,1.81935071136897
Sao_Tome_and_Principe,Africa,215048,1009,17,55,0.469197574494997
Japan,Asia,126860299,179653,2585,82.5,0.141614832548992
Tunisia,Africa,11694721,111361,3894,84,0.952233063105995
San_Marino,Europe,34453,1956,51,96,5.67729950947668
Algeria,Africa,43053054,92102,2596,85,0.213926751862946
Egypt,Africa,100388076,121575,6920,90,0.121105020480719
Jordan,Asia,10101697,259724,3365,82.5,2.57109275797918
Saint_Kitts_and_Nevis,America,52834,27,0,84,0.0511034561078094
Slovakia,Europe,5450421,132984,1175,96,2.43988491898149
Slovenia,Europe,2080908,96314,1459,96,4.62846026830595
New_Zealand,Oceania,4783062,1740,25,34.5,0.0363783701737506
Botswana,Africa,2303703,12501,37,22.5,0.542648075728512
Cape_Verde,Africa,549936,11357,110,22.5,2.06514939920282
Kuwait,Asia,4207077,146218,911,82.5,3.47552469327279
Djibouti,Africa,973557,5728,61,22.5,0.588357949252073
Spain,Europe,46937060,1728488,49134,96,3.68256554628688
Lebanon,Asia,6855709,146520,1200,82.5,2.1371968967761
Eritrea,Africa,3497117,711,0,22.5,0.0203310326763445
Saint_Vincent_and_the_Grenadines,America,110593,98,0,84,0.0886132033673017
Sweden,Europe,10230185,320098,7514,96,3.12895612347186
Switzerland,Europe,8544527,372329,5378,96,4.35751446510731
Malaysia,Asia,31949789,83475,415,82.5,0.261269331074456
Qatar,Asia,2832071,140961,240,82.5,4.9773116563815
Saudi_Arabia,Asia,34268529,359888,6048,82.5,1.05019973282191
Singapore,Asia,5804343,58320,29,82.5,1.00476488036631
South_Korea,Asia,51225321,43484,587,82.5,0.0848877062185711
Gabon,Africa,2172578,9330,63,22.5,0.429443729983458
Sint_Maarten,America,42389,1232,26,84,2.90641439996225
Libya,Africa,6777453,90779,1299,22.5,1.33942647776384
Turkey,Europe,82003882,995471,16199,96,1.21393155509394
Turks_and_Caicos_islands,America,38194,769,6,84,2.01340524689742
Mauritius,Africa,1269670,515,10,22.5,0.0405617207620878
Ukraine,Europe,43993643,900666,15247,96,2.04726396493239
Sri_Lanka,Asia,21323734,32790,152,82.5,0.153772317737597
United_Kingdom,Europe,66647112,1849403,64170,96,2.77491843907655
Morocco,Africa,36471766,399609,6624,22.5,1.09566671380816
United_States_of_America,America,329064917,16256754,299177,84,4.94028781561056
United_States_Virgin_Islands,America,104579,1807,23,84,1.72788035838935
Uruguay,America,3461731,9708,92,84,0.280437734763331
Taiwan,Asia,23773881,740,7,82.5,0.00311265964526364
Northern_Mariana_Islands,Oceania,57213,113,2,34.5,0.19750755947075
Venezuela,America,28515829,107177,949,84,0.375850900214053
United_Arab_Emirates,Asia,9770526,184949,617,82.5,1.89292777072596
Seychelles,Africa,97741,187,0,22.5,0.191321963147502
Uzbekistan,Asia,32981715,75094,612,82.5,0.227683733244314
South_Sudan,Africa,11062114,3206,62,22.5,0.0289818022124885
Western_Sahara,Africa,582458,766,1,22.5,0.131511628306247
